images\actividad;images\actividad
images\agenda;images\agenda
images\agenda2;images\agenda2
images\agenda3;images\agenda3
images\anadir;images\anadir
images\anadir2;images\anadir2
images\anadir3;images\anadir3
images\carrito;images\carrito
images\carrito2;images\carrito2
images\catalogo;images\catalogo
images\check;images\check
images\cross;images\cross
images\diamante;images\diamante
images\diamantes;images\diamantes
images\dotnet_bot;images\dotnet_bot
images\engranaje;images\engranaje
images\filter;images\filter
images\icono_desconectado;images\icono_desconectado
images\lupa;images\lupa
images\papelera;images\papelera
images\persona;images\persona
images\persona2;images\persona2
images\restar;images\restar
images\restar2;images\restar2
images\shopcart;images\shopcart
raw\aboutassets;raw\AboutAssets
raw\articulos;raw\Articulos
raw\categorias;raw\Categorias
raw\clientes;raw\Clientes
raw\marcas;raw\Marcas
